metric,test_type,control_mean,treatment_mean,absolute_diff,relative_lift_pct,p_value,significant
Win Rate,Proportions Z-Test,0.15074309978768577,0.13972602739726028,-0.011017072390425486,-7.308508585761133,0.40197077636787204,False
Profit Per Request,Welch T-Test,-0.03347238203247655,-0.1061915267936089,-0.07271914476113234,217.2511794666321,0.2990513774091984,False
Conversion Rate,Proportions Z-Test,0.003538570417551309,0.0013698630136986301,-0.002168707403852679,-61.287671232876704,0.23848966893339796,False
