entity_id,impressions,clicks,conversions,fraud_count,total_cost,total_revenue,ctr,cvr,fraud_rate,avg_roi,revenue_per_imp,low_volume_flag,entity_type,quality_score,quality_tier
ex_appnexus,2555,162,31,76,967.689057966013,1098.614815778769,0.06340508806262231,0.19135802469135801,0.02974559686888454,0.13529734226059323,0.42998622926762,False,exchange_id,93.4,High
ex_google,2518,164,25,67,946.4554985847143,893.4041957733933,0.06513105639396347,0.1524390243902439,0.02660841938046068,-0.056052611913184315,0.3548070674239052,False,exchange_id,72.04,High
ex_pubmatic,2494,145,24,85,927.3828489724114,897.1755134489122,0.05813953488372093,0.16551724137931034,0.03408179631114675,-0.03257266998672427,0.35973356593781564,False,exchange_id,53.65,Medium
ex_rubicon,2433,138,18,195,890.6298742174863,677.5424449256225,0.05672009864364982,0.13043478260869565,0.08014796547472257,-0.2392547512959064,0.2784802486336303,False,exchange_id,0.0,Low
